Name,Age,Tm,Lg,G,PA,AB,R,H,X2B,X3B,HR,RBI,SB,CS,BB,SO,BA,OBP,SLG,OPS,OPS.,TB,GDP,HBP,SH,SF,IBB,
Jose Abreu\abreujo02,29,CHW,AL,159,695,624,67,183,32,1,25,100,0,2,47,125,0.293,0.353,0.468,0.82,124,292,21,15,0,9,7,
Yonder Alonso*\alonsyo01,29,OAK,AL,156,532,482,52,122,34,0,7,56,3,1,45,74,0.253,0.316,0.367,0.683,88,177,15,1,0,4,1,
Jose Altuve\altuvjo01,26,HOU,AL,161,717,640,108,216,42,5,24,96,30,10,60,70,0.338,0.396,0.531,0.928,155,340,15,7,3,7,11,
Pedro Alvarez*\alvarpe01,29,BAL,AL,109,376,337,43,84,20,0,22,49,1,0,37,97,0.249,0.322,0.504,0.826,117,170,6,0,0,2,1,
Tim Anderson\anderti01,23,CHW,AL,99,431,410,57,116,22,6,9,30,10,2,13,117,0.283,0.306,0.432,0.738,100,177,15,1,6,1,0,
Elvis Andrus\andruel01,27,TEX,AL,147,568,506,75,153,31,7,8,69,24,8,47,70,0.302,0.362,0.439,0.8,110,222,18,4,4,7,2,
Norichika Aoki*\aokino01,34,SEA,AL,118,467,417,63,118,24,4,4,28,7,9,34,45,0.283,0.349,0.388,0.738,104,162,9,9,5,1,0,
Nolan Arenado\arenano01,25,COL,NL,160,696,618,116,182,35,6,41,133,2,3,68,103,0.294,0.362,0.57,0.932,129,352,17,2,0,8,10,
Erick Aybar#\aybarer01,32,TOT,MLB,126,459,415,34,101,19,2,3,34,3,5,31,70,0.243,0.303,0.32,0.623,69,133,15,6,3,4,6,
Erick Aybar#\aybarer01,32,ATL,NL,97,368,335,27,81,14,2,2,26,3,5,20,59,0.242,0.293,0.313,0.607,64,105,14,6,3,4,5,
Javier Baez\baezja01,23,CHC,NL,142,450,421,50,115,19,1,14,59,12,3,15,108,0.273,0.314,0.423,0.737,94,178,8,11,1,2,3,
Tucker Barnhart#\barnhtu01,25,CIN,NL,115,420,377,34,97,23,1,7,51,1,0,36,72,0.257,0.323,0.379,0.702,86,143,12,2,2,3,8,
Jose Bautista\bautijo02,35,TOR,AL,116,517,423,68,99,24,1,22,69,2,2,87,103,0.234,0.366,0.452,0.817,118,191,21,3,0,4,1,
Brandon Belt*\beltbr01,28,SFG,NL,156,655,542,77,149,41,8,17,82,0,4,104,148,0.275,0.394,0.474,0.868,135,257,7,5,0,4,4,
Carlos Beltran#\beltrca01,39,TOT,AL,151,593,552,73,163,33,0,29,93,1,0,35,101,0.295,0.337,0.513,0.85,122,283,19,2,0,4,4,
Carlos Beltran#\beltrca01,39,NYY,AL,99,387,359,50,109,21,0,22,64,0,0,22,70,0.304,0.344,0.546,0.89,133,196,13,2,0,4,3,
Adrian Beltre\beltrad01,37,TEX,AL,153,640,583,89,175,31,1,32,104,1,1,48,66,0.3,0.358,0.521,0.879,128,304,10,6,0,3,6,
Mookie Betts\bettsmo01,23,BOS,AL,158,730,672,122,214,42,5,31,113,26,4,49,80,0.318,0.363,0.534,0.897,133,359,12,2,0,7,1,
Charlie Blackmon*\blackch02,29,COL,NL,143,641,578,111,187,35,5,29,82,17,9,43,102,0.324,0.381,0.552,0.933,130,319,2,13,3,4,4,
Xander Bogaerts\bogaexa01,23,BOS,AL,157,719,652,115,192,34,1,21,89,13,4,58,123,0.294,0.356,0.446,0.802,111,291,14,6,0,3,0,
Peter Bourjos\bourjpe01,29,PHI,NL,123,383,355,40,89,20,7,5,23,6,4,17,91,0.251,0.292,0.389,0.681,81,138,6,4,6,1,2,
Michael Bourn*\bournmi01,33,TOT,MLB,113,413,375,48,99,13,6,5,38,15,5,28,92,0.264,0.314,0.371,0.684,78,139,3,0,8,2,0,
Michael Bourn*\bournmi01,33,ARI,NL,89,358,329,43,86,12,6,3,30,13,5,22,83,0.261,0.307,0.362,0.669,73,119,3,0,6,1,0,
Jackie Bradley*\bradlja02,26,BOS,AL,156,636,558,94,149,30,7,26,87,9,2,63,143,0.267,0.349,0.486,0.835,118,271,10,10,0,5,5,
Ryan Braun\braunry02,32,MIL,NL,135,564,511,80,156,23,3,30,91,16,5,46,98,0.305,0.365,0.538,0.903,135,275,20,4,0,3,10,
Jay Bruce*\bruceja01,29,TOT,NL,147,589,539,74,135,27,6,33,99,4,2,44,126,0.25,0.309,0.506,0.815,113,273,14,3,0,3,7,
Jay Bruce*\bruceja01,29,CIN,NL,97,402,370,60,98,22,6,25,80,4,2,27,83,0.265,0.316,0.559,0.875,126,207,11,2,0,3,3,
Kris Bryant\bryankr01,24,CHC,NL,155,699,603,121,176,35,3,39,102,8,5,75,154,0.292,0.385,0.554,0.939,146,334,3,18,0,3,5,
Billy Burns#\burnsbi02,26,TOT,AL,97,332,311,39,73,11,4,0,13,17,5,10,37,0.235,0.271,0.296,0.566,56,92,3,6,3,2,2,
Asdrubal Cabrera#\cabreas01,30,NYM,NL,141,568,521,65,146,30,1,23,62,5,1,38,103,0.28,0.336,0.474,0.81,117,247,14,7,0,2,3,
Melky Cabrera#\cabreme01,31,CHW,AL,151,646,591,70,175,42,5,14,86,2,0,47,69,0.296,0.345,0.455,0.8,118,269,17,0,3,5,2,
Miguel Cabrera\cabremi01,33,DET,AL,158,679,595,92,188,31,1,38,108,0,0,75,116,0.316,0.393,0.563,0.956,155,335,26,4,0,5,15,
Lorenzo Cain\cainlo01,30,KCR,AL,103,434,397,56,114,19,1,9,56,14,5,31,84,0.287,0.339,0.408,0.747,100,162,15,2,0,4,3,
Kole Calhoun*\calhoko01,28,LAA,AL,157,672,594,91,161,35,5,18,75,2,3,67,118,0.271,0.348,0.438,0.786,116,260,10,6,0,5,0,
Robinson Cano*\canoro01,33,SEA,AL,161,715,655,107,195,33,2,39,103,0,1,47,100,0.298,0.35,0.533,0.882,138,349,18,8,0,5,8,
Matt Carpenter*\carpema01,30,STL,NL,129,566,473,81,128,36,6,21,68,0,4,81,108,0.271,0.38,0.505,0.885,136,239,4,5,3,4,6,
Chris Carter\cartech02,29,MIL,NL,160,644,549,84,122,27,1,41,94,3,1,76,206,0.222,0.321,0.499,0.821,113,274,18,9,0,10,1,
Nicholas Castellanos\casteni01,24,DET,AL,110,447,411,54,117,25,4,18,58,1,1,28,111,0.285,0.331,0.496,0.827,120,204,4,3,0,5,1,
Welington Castillo\castiwe01,29,ARI,NL,113,457,416,41,110,24,0,14,68,2,0,33,121,0.264,0.322,0.423,0.745,91,176,5,4,0,4,3,
Jason Castro*\castrja01,29,HOU,AL,113,376,329,41,69,16,3,11,32,2,1,45,123,0.21,0.307,0.377,0.684,89,124,9,1,1,0,0,
Starlin Castro\castrst01,26,NYY,AL,151,610,577,63,156,29,1,21,70,4,0,24,118,0.27,0.3,0.433,0.734,93,250,15,3,1,5,1,
Francisco Cervelli\cervefr01,30,PIT,NL,101,393,326,42,86,14,1,1,33,6,2,56,72,0.264,0.377,0.322,0.699,91,105,14,6,0,5,1,
Yoenis Cespedes\cespeyo01,30,NYM,NL,132,543,479,72,134,25,1,31,86,3,1,51,108,0.28,0.354,0.53,0.884,136,254,14,7,0,6,8,
Lonnie Chisenhall*\chiselo01,27,CLE,AL,126,418,385,43,110,25,5,8,57,6,0,23,70,0.286,0.328,0.439,0.767,98,169,4,3,3,4,2,
Michael Conforto*\confomi01,23,NYM,NL,109,348,304,38,67,21,1,12,42,2,1,36,89,0.22,0.31,0.414,0.725,95,126,6,5,0,3,2,
Carlos Correa\correca01,21,HOU,AL,153,660,577,76,158,36,3,20,96,13,3,75,139,0.274,0.361,0.451,0.811,124,260,12,5,0,3,5,
Zack Cozart\cozarza01,30,CIN,NL,121,508,464,67,117,28,2,16,50,4,1,37,84,0.252,0.308,0.425,0.732,92,197,9,2,1,4,3,
Brandon Crawford*\crawfbr01,29,SFG,NL,155,623,553,67,152,28,11,12,84,7,0,57,115,0.275,0.342,0.43,0.772,108,238,13,4,0,9,10,
Coco Crisp#\crispco01,36,TOT,AL,122,498,446,54,103,27,4,13,55,10,5,46,78,0.231,0.302,0.397,0.698,89,177,7,0,4,2,2,
Coco Crisp#\crispco01,36,OAK,AL,102,434,393,45,92,24,4,11,47,7,5,37,65,0.234,0.299,0.399,0.698,90,157,6,0,2,2,2,
C.J. Cron\croncj01,26,LAA,AL,116,445,407,51,113,25,2,16,69,2,3,24,75,0.278,0.325,0.467,0.792,116,190,9,7,0,5,1,
Nelson Cruz\cruzne02,35,SEA,AL,155,667,589,96,169,27,1,43,105,2,0,62,159,0.287,0.36,0.555,0.915,147,327,15,9,0,7,5,
Cheslor Cuthbert\cuthbch01,23,KCR,AL,128,510,475,49,130,28,1,12,46,2,0,32,96,0.274,0.318,0.413,0.731,95,196,14,0,1,2,0,
Chris Davis*\davisch02,30,BAL,AL,157,665,566,99,125,21,0,38,84,1,0,88,219,0.221,0.332,0.459,0.792,110,260,6,8,0,3,3,
Khris Davis\daviskh01,28,OAK,AL,150,610,555,85,137,24,2,42,102,1,2,42,166,0.247,0.307,0.524,0.831,123,291,19,8,0,5,0,
Rajai Davis\davisra01,35,CLE,AL,134,495,454,74,113,23,2,12,48,43,6,33,106,0.249,0.306,0.388,0.693,80,176,9,5,1,2,0,
Ian Desmond\desmoia01,30,TEX,AL,156,677,625,107,178,29,3,22,86,21,6,44,160,0.285,0.335,0.446,0.782,104,279,11,5,0,3,2,
Aledmys Diaz\diazal02,25,STL,NL,111,460,404,71,121,28,3,17,65,4,4,41,60,0.3,0.369,0.51,0.879,134,206,10,7,2,6,6,
Corey Dickerson*\dickeco01,27,TBR,AL,148,548,510,57,125,36,3,24,70,0,2,33,134,0.245,0.293,0.469,0.761,106,239,12,2,0,2,6,
Derek Dietrich*\dietrde01,26,MIA,NL,128,412,351,39,98,20,5,7,42,1,0,32,84,0.279,0.374,0.425,0.798,120,149,6,24,0,5,2,
Josh Donaldson\donaljo02,30,TOR,AL,155,700,577,122,164,32,5,37,99,7,1,109,119,0.284,0.404,0.549,0.953,153,317,16,9,2,3,6,
Brian Dozier\doziebr01,29,MIN,AL,155,691,615,104,165,35,5,42,99,18,2,61,138,0.268,0.34,0.546,0.886,134,336,12,8,2,5,6,
Brandon Drury\drurybr01,23,ARI,NL,134,499,461,59,130,31,1,16,53,1,1,31,100,0.282,0.329,0.458,0.786,101,211,14,3,0,4,2,
Matt Duffy\duffyma01,25,TOT,MLB,91,366,333,41,86,14,2,5,28,8,5,23,53,0.258,0.31,0.357,0.668,82,119,13,4,2,4,0,
Adam Duvall\duvalad01,27,CIN,NL,150,608,552,85,133,31,6,33,103,6,5,41,164,0.241,0.297,0.498,0.795,106,275,7,6,0,8,1,
Adam Eaton*\eatonad02,27,CHW,AL,157,706,619,91,176,29,9,14,59,14,5,63,115,0.284,0.362,0.428,0.79,117,265,6,14,7,3,2,
Jacoby Ellsbury*\ellsbja01,32,NYY,AL,148,626,551,71,145,24,5,9,56,20,8,54,84,0.263,0.33,0.374,0.703,88,206,11,2,4,3,1,
Edwin Encarnacion\encared01,33,TOR,AL,160,702,601,99,158,34,0,42,127,2,0,87,138,0.263,0.357,0.529,0.886,134,318,22,5,0,8,3,
Alcides Escobar\escobal02,29,KCR,AL,162,682,637,57,166,24,6,7,55,17,4,27,96,0.261,0.292,0.35,0.642,72,223,16,3,10,5,2,
Eduardo Escobar#\escobed01,27,MIN,AL,105,377,352,32,83,14,2,6,37,1,3,21,72,0.236,0.28,0.338,0.618,67,119,7,1,2,1,1,
Yunel Escobar\escobyu01,33,LAA,AL,132,567,517,68,157,28,1,5,39,0,3,40,67,0.304,0.355,0.391,0.745,107,202,21,3,3,4,0,
Danny Espinosa#\espinda01,29,WSN,NL,157,601,516,66,108,15,0,24,72,9,2,54,174,0.209,0.306,0.378,0.684,79,195,4,20,7,4,12,
Prince Fielder*\fieldpr01,32,TEX,AL,89,370,326,29,69,16,0,8,44,0,0,32,63,0.212,0.292,0.334,0.626,65,109,12,7,0,5,1,
Wilmer Flores\florewi01,24,NYM,NL,103,335,307,38,82,14,0,16,49,1,1,23,48,0.267,0.319,0.469,0.788,111,144,9,2,0,3,0,
Logan Forsythe\forsylo01,29,TBR,AL,127,567,511,76,135,24,4,20,52,6,6,46,127,0.264,0.333,0.444,0.778,113,227,8,8,0,2,0,
Dexter Fowler#\fowlede01,30,CHC,NL,125,551,456,84,126,25,7,13,48,13,4,79,124,0.276,0.393,0.447,0.84,123,204,3,11,1,4,0,
Maikel Franco\francma02,23,PHI,NL,152,630,581,67,148,23,1,25,88,1,1,40,106,0.255,0.306,0.427,0.733,94,248,13,5,0,4,7,
Jeff Francoeur\francje02,32,TOT,NL,125,331,307,33,78,15,1,7,34,2,2,20,90,0.254,0.297,0.378,0.675,81,116,5,0,1,3,2,
Todd Frazier\frazito01,30,CHW,AL,158,666,590,89,133,21,0,40,98,15,5,64,163,0.225,0.302,0.464,0.767,107,274,11,4,1,7,1,
Freddie Freeman*\freemfr01,26,ATL,NL,158,693,589,102,178,43,6,34,91,6,1,89,171,0.302,0.4,0.569,0.968,157,335,12,10,0,5,18,
David Freese\freesda01,33,PIT,NL,141,492,437,63,118,23,0,13,55,0,0,45,142,0.27,0.352,0.412,0.764,104,180,15,10,0,0,2,
Freddy Galvis#\galvifr01,26,PHI,NL,158,624,584,61,141,26,3,20,67,17,6,25,136,0.241,0.274,0.399,0.673,78,233,16,3,8,4,6,
Adonis Garcia\garciad01,31,ATL,NL,134,563,532,65,145,29,0,14,65,3,2,24,93,0.273,0.311,0.406,0.717,91,216,18,6,0,0,4,
Avisail Garcia\garciav01,25,CHW,AL,120,453,413,59,101,18,2,12,51,4,4,34,115,0.245,0.307,0.385,0.692,89,159,9,4,0,2,0,
Brett Gardner*\gardnbr01,32,NYY,AL,148,634,547,80,143,22,6,7,41,16,4,70,106,0.261,0.351,0.362,0.713,92,198,6,8,4,5,0,
Evan Gattis\gattiev01,29,HOU,AL,128,499,447,58,112,19,0,32,72,2,1,43,127,0.251,0.319,0.508,0.826,125,227,12,4,0,5,6,
Scooter Gennett*\gennesc01,26,MIL,NL,136,542,498,58,131,30,1,14,56,8,1,38,114,0.263,0.317,0.412,0.728,91,205,11,2,1,2,1,
Johnny Giavotella\giavojo01,28,LAA,AL,99,367,346,44,90,20,1,6,31,4,3,13,39,0.26,0.287,0.376,0.662,82,130,11,1,4,3,0,
Paul Goldschmidt\goldspa01,28,ARI,NL,158,705,579,106,172,33,3,24,95,32,5,110,150,0.297,0.411,0.489,0.899,133,283,14,7,0,8,15,
Carlos Gomez\gomezca01,30,TOT,AL,118,453,411,45,95,22,1,13,53,18,5,34,136,0.231,0.298,0.384,0.682,85,158,11,5,3,0,2,
Adrian Gonzalez*\gonzaad01,34,LAD,NL,156,633,568,69,162,31,0,18,90,0,2,55,117,0.285,0.349,0.435,0.784,111,247,16,4,0,6,9,
Carlos Gonzalez*\gonzaca01,30,COL,NL,150,632,584,87,174,42,2,25,100,2,2,46,129,0.298,0.35,0.505,0.855,111,295,10,1,0,1,6,
Marwin Gonzalez#\gonzama01,27,HOU,AL,141,518,484,55,123,26,3,13,51,12,6,22,118,0.254,0.293,0.401,0.694,91,194,16,5,6,1,1,
Alex Gordon*\gordoal01,32,KCR,AL,128,506,445,62,98,16,2,17,40,8,1,52,148,0.22,0.312,0.38,0.692,85,169,9,8,0,1,3,
Dee Gordon*\gordode01,28,MIA,NL,79,346,325,47,87,7,6,1,14,30,7,18,55,0.268,0.305,0.335,0.641,77,109,4,0,1,1,1,
Yasmani Grandal#\grandya01,27,LAD,NL,126,457,390,49,89,14,1,27,72,1,3,64,116,0.228,0.339,0.477,0.816,118,186,11,2,0,1,1,
Curtis Granderson*\grandcu01,35,NYM,NL,150,633,545,88,129,24,5,30,59,4,2,74,130,0.237,0.335,0.464,0.799,114,253,10,9,0,5,7,
Didi Gregorius*\gregodi01,26,NYY,AL,153,597,562,68,155,32,2,20,70,7,1,19,82,0.276,0.304,0.447,0.751,97,251,9,6,5,5,2,
Randal Grichuk\grichra01,24,STL,NL,132,478,446,66,107,29,3,24,68,5,4,28,141,0.24,0.289,0.48,0.769,102,214,9,3,0,1,0,
Robbie Grossman#\grossro01,26,MIN,AL,99,389,332,49,93,19,1,11,37,2,3,55,96,0.28,0.386,0.443,0.828,124,147,3,2,0,0,0,
Jedd Gyorko\gyorkje01,27,STL,NL,128,438,400,58,97,9,1,30,59,0,0,37,96,0.243,0.306,0.495,0.801,111,198,11,0,0,1,1,
Billy Hamilton#\hamilbi02,25,CIN,NL,119,460,411,69,107,19,3,3,17,58,8,36,93,0.26,0.321,0.343,0.664,77,141,5,1,11,1,0,
J.J. Hardy\hardyjj01,33,BAL,AL,115,438,405,43,109,29,0,9,48,0,0,26,68,0.269,0.309,0.407,0.716,91,165,14,0,1,6,1,
Bryce Harper*\harpebr03,23,WSN,NL,147,627,506,84,123,24,2,24,86,21,10,108,117,0.243,0.373,0.441,0.814,114,223,11,3,0,10,20,
Josh Harrison\harrijo05,28,PIT,NL,131,522,487,57,138,25,7,4,59,19,4,18,76,0.283,0.311,0.388,0.699,86,189,10,5,4,8,0,
Chase Headley#\headlch01,32,NYY,AL,140,529,467,58,118,18,1,14,51,8,2,51,118,0.253,0.331,0.385,0.716,91,180,7,6,0,5,3,
Adeiny Hechavarria\hechaad01,27,MIA,NL,155,547,508,52,120,17,6,3,38,1,0,33,73,0.236,0.283,0.311,0.594,64,158,10,1,2,3,7,
Cesar Hernandez#\hernace02,26,PHI,NL,155,622,547,67,161,14,11,6,39,17,13,66,116,0.294,0.371,0.393,0.764,106,215,6,2,5,2,4,
Odubel Herrera*\herreod01,24,PHI,NL,159,656,583,87,167,21,6,15,49,25,7,63,134,0.286,0.361,0.42,0.781,109,245,6,6,2,2,7,
Jason Heyward*\heywaja01,26,CHC,NL,142,592,530,61,122,27,1,7,49,11,4,54,93,0.23,0.306,0.325,0.631,68,172,12,5,1,2,0,
Aaron Hicks#\hicksaa01,26,NYY,AL,123,361,327,32,71,13,1,8,31,3,4,30,68,0.217,0.281,0.336,0.617,65,110,7,0,1,3,1,
Aaron Hill\hillaa01,34,TOT,MLB,125,429,378,48,99,14,0,10,38,4,2,41,59,0.262,0.336,0.378,0.714,89,143,6,3,0,4,2,
Matt Holliday\hollima01,36,STL,NL,110,426,382,48,94,20,1,20,62,0,0,35,71,0.246,0.322,0.461,0.782,107,176,9,8,0,1,1,
Eric Hosmer*\hosmeer01,26,KCR,AL,158,667,605,80,161,24,1,25,104,5,3,57,132,0.266,0.328,0.433,0.761,102,262,18,1,0,4,5,
Ryan Howard*\howarry01,36,PHI,NL,112,362,331,35,65,10,0,25,59,0,1,27,114,0.196,0.257,0.453,0.71,85,150,7,1,0,3,2,
Jose Iglesias\iglesjo01,26,DET,AL,137,513,467,57,119,26,0,4,32,7,4,28,50,0.255,0.306,0.336,0.643,74,157,12,8,7,3,1,
Ender Inciarte*\inciaen01,25,ATL,NL,131,578,522,85,152,24,7,3,29,16,7,45,68,0.291,0.351,0.381,0.732,98,199,8,4,5,2,5,
Travis Jankowski*\jankotr01,25,SDP,NL,131,383,335,53,82,13,2,2,12,30,12,42,100,0.245,0.332,0.313,0.646,78,105,5,2,3,0,0,
John Jaso*\jasojo01,32,PIT,NL,132,432,380,45,102,25,3,8,42,0,4,45,74,0.268,0.353,0.413,0.766,105,157,8,5,1,1,0,
Jon Jay*\jayjo02,31,SDP,NL,90,374,347,49,101,26,1,2,26,2,0,19,78,0.291,0.339,0.389,0.728,98,135,5,6,1,0,0,
Kelly Johnson*\johnske05,34,TOT,NL,131,333,304,25,75,14,0,10,34,4,0,25,65,0.247,0.306,0.391,0.698,87,119,6,2,0,2,2,
Adam Jones\jonesad01,30,BAL,AL,152,672,619,86,164,19,0,29,83,2,0,39,115,0.265,0.31,0.436,0.746,98,270,13,5,1,8,2,
Tommy Joseph\josepto01,24,PHI,NL,107,347,315,47,81,15,0,21,47,1,1,22,75,0.257,0.308,0.505,0.813,113,159,11,4,0,6,0,
Jung Ho Kang\kangju01,29,PIT,NL,103,370,318,45,81,19,0,21,62,3,1,36,79,0.255,0.354,0.513,0.867,129,163,11,14,0,2,1,
Matt Kemp\kempma01,31,TOT,NL,156,672,623,89,167,39,0,35,108,1,0,36,156,0.268,0.304,0.499,0.803,113,311,17,1,0,12,6,
Matt Kemp\kempma01,31,SDP,NL,100,431,409,54,107,24,0,23,69,0,0,16,100,0.262,0.285,0.489,0.774,106,200,8,0,0,6,3,
Howie Kendrick\kendrho01,32,LAD,NL,146,543,487,65,124,26,2,8,40,10,2,50,96,0.255,0.326,0.366,0.691,87,178,20,3,0,3,2,
Max Kepler*\keplema01,23,MIN,AL,113,447,396,52,93,20,2,17,63,6,2,42,93,0.235,0.309,0.424,0.734,96,168,2,3,1,5,3,
Kevin Kiermaier*\kiermke01,26,TBR,AL,105,414,366,55,90,20,2,12,37,21,3,40,74,0.246,0.331,0.41,0.741,104,150,5,7,0,1,1,
Hyun Soo Kim*\kimhy01,28,BAL,AL,95,346,305,36,92,16,1,6,22,1,3,36,51,0.302,0.382,0.42,0.801,116,128,5,4,0,1,0,
Ian Kinsler\kinslia01,34,DET,AL,153,679,618,117,178,29,4,28,83,14,6,45,115,0.288,0.348,0.484,0.831,122,299,5,13,0,3,0,
Jason Kipnis*\kipnija01,29,CLE,AL,156,688,610,91,168,41,4,23,82,15,3,60,146,0.275,0.343,0.469,0.811,109,286,21,6,5,7,0,
Jake Lamb*\lambja01,25,ARI,NL,151,594,523,81,130,31,9,29,91,6,1,64,154,0.249,0.332,0.509,0.84,114,266,13,3,0,4,5,
Brett Lawrie\lawribr01,26,CHW,AL,94,384,351,35,87,22,0,12,36,7,3,30,109,0.248,0.31,0.413,0.723,97,145,3,2,0,1,2,
DJ LeMahieu\lemahdj01,27,COL,NL,146,635,552,104,192,32,8,11,66,11,7,66,80,0.348,0.416,0.495,0.911,128,273,19,3,8,6,2,
Adam Lind*\lindad01,32,SEA,AL,126,430,401,48,96,17,0,20,58,0,1,26,89,0.239,0.286,0.431,0.717,94,173,14,1,0,2,3,
Francisco Lindor#\lindofr01,22,CLE,AL,158,684,604,99,182,30,3,15,78,19,5,57,88,0.301,0.358,0.435,0.794,106,263,18,5,3,15,3,
James Loney*\loneyja01,32,NYM,NL,100,366,343,30,91,16,1,9,34,0,0,16,37,0.265,0.307,0.397,0.703,89,136,11,5,1,1,3,
Evan Longoria\longoev01,30,TBR,AL,160,685,633,81,173,41,4,36,98,0,3,42,144,0.273,0.318,0.521,0.84,127,330,13,3,0,7,6,
Jed Lowrie#\lowrije01,32,OAK,AL,87,369,338,30,89,12,1,2,27,0,0,26,65,0.263,0.314,0.322,0.637,77,109,10,1,0,4,0,
Jonathan Lucroy\lucrojo01,30,TOT,MLB,142,544,490,67,143,24,3,24,81,5,0,47,100,0.292,0.355,0.5,0.855,123,245,16,3,0,4,5,
Jonathan Lucroy\lucrojo01,30,MIL,NL,95,376,338,48,101,17,3,13,50,5,0,33,70,0.299,0.359,0.482,0.841,120,163,12,1,0,4,3,
Manny Machado\machama01,23,BAL,AL,157,696,640,105,188,40,1,37,96,0,3,48,120,0.294,0.343,0.533,0.876,130,341,14,3,0,5,9,
Nick Markakis*\markani01,32,ATL,NL,158,684,599,67,161,38,0,13,89,0,2,71,101,0.269,0.346,0.397,0.744,100,238,16,5,0,9,9,
Ketel Marte#\marteke01,22,SEA,AL,119,466,437,55,113,21,2,1,33,11,5,18,84,0.259,0.287,0.323,0.61,68,141,10,2,3,6,0,
Starling Marte\martest01,27,PIT,NL,129,529,489,71,152,34,5,9,46,47,12,23,104,0.311,0.362,0.456,0.818,118,223,8,16,1,0,5,
Leonys Martin*\martile01,28,SEA,AL,143,576,518,72,128,17,3,15,47,24,6,44,149,0.247,0.306,0.378,0.684,88,196,10,3,4,7,0,
Russell Martin\martiru01,33,TOR,AL,137,535,455,62,105,16,0,20,74,2,1,64,148,0.231,0.335,0.398,0.733,96,181,12,10,1,5,1,
J.D. Martinez\martijd02,28,DET,AL,120,517,460,69,141,35,2,22,68,1,2,49,128,0.307,0.373,0.535,0.908,142,246,13,3,0,5,2,
Victor Martinez#\martivi01,37,DET,AL,154,610,553,65,160,22,0,27,86,0,0,50,90,0.289,0.351,0.476,0.826,121,263,19,4,0,3,8,
Joe Mauer*\mauerjo01,33,MIN,AL,134,576,494,68,129,22,4,11,49,2,0,79,93,0.261,0.363,0.389,0.752,104,192,11,1,0,2,10,
Cameron Maybin\maybica01,29,DET,AL,94,391,349,65,110,14,5,4,43,15,6,36,69,0.315,0.383,0.418,0.801,118,146,8,3,2,1,0,
Nomar Mazara*\mazarno01,21,TEX,AL,145,568,516,59,137,13,3,20,64,0,2,39,112,0.266,0.32,0.419,0.739,93,216,12,6,0,7,1,
Brian McCann*\mccanbr01,32,NYY,AL,130,492,429,56,104,13,0,20,58,1,0,54,99,0.242,0.335,0.413,0.748,99,177,15,7,0,2,2,
James McCann\mccanja02,26,DET,AL,105,373,344,31,76,9,1,12,48,0,1,23,109,0.221,0.272,0.358,0.629,69,123,12,2,1,3,0,
Andrew McCutchen\mccutan01,29,PIT,NL,153,675,598,81,153,26,3,24,79,6,7,69,143,0.256,0.336,0.43,0.766,104,257,15,5,0,3,7,
Jordy Mercer\mercejo03,29,PIT,NL,149,584,519,66,133,22,3,11,59,1,1,51,83,0.256,0.328,0.374,0.701,88,194,11,5,7,2,8,
Whit Merrifield\merriwh01,27,KCR,AL,81,332,311,44,88,22,3,2,29,8,3,19,72,0.283,0.323,0.392,0.716,91,122,1,0,1,1,1,
Brad Miller*\millebr02,26,TBR,AL,152,601,548,73,133,29,6,30,81,6,4,47,149,0.243,0.304,0.482,0.786,113,264,5,3,0,3,0,
Yadier Molina\molinya01,33,STL,NL,147,581,534,56,164,38,1,8,58,3,2,39,63,0.307,0.36,0.427,0.787,111,228,22,6,0,2,1,
Kendrys Morales#\moralke01,33,KCR,AL,154,618,558,65,147,24,0,30,93,0,0,48,120,0.263,0.327,0.468,0.795,110,261,20,7,0,5,2,
Mitch Moreland*\morelmi01,30,TEX,AL,147,503,460,49,107,21,0,22,60,1,0,35,118,0.233,0.298,0.422,0.72,87,194,8,8,0,0,5,
Logan Morrison*\morrilo01,28,TBR,AL,107,398,353,45,84,18,1,14,43,4,2,37,89,0.238,0.319,0.414,0.733,101,146,4,6,0,2,1,
Brandon Moss*\mossbr01,32,STL,NL,128,464,413,66,93,19,2,28,67,1,0,39,141,0.225,0.3,0.484,0.784,106,200,8,7,0,5,3,
Daniel Murphy*\murphda08,31,WSN,NL,142,582,531,88,184,47,5,25,104,5,3,35,57,0.347,0.39,0.595,0.985,155,316,4,8,0,8,10,
Wil Myers\myerswi01,25,SDP,NL,157,676,599,99,155,29,4,28,94,28,6,68,160,0.259,0.336,0.461,0.797,115,276,12,4,0,5,1,
Mike Napoli\napolmi01,34,CLE,AL,150,645,557,92,133,22,1,34,101,5,1,78,194,0.239,0.335,0.465,0.8,106,259,15,5,0,5,2,
Tyler Naquin*\naquity01,25,CLE,AL,116,365,321,52,95,18,5,14,43,6,3,36,112,0.296,0.372,0.514,0.886,128,165,4,4,2,2,4,
Dioner Navarro#\navardi01,32,TOT,AL,101,334,304,26,63,13,2,6,35,1,2,23,71,0.207,0.265,0.322,0.587,61,98,5,2,2,3,0,
Kirk Nieuwenhuis*\nieuwki01,28,MIL,NL,125,392,335,38,70,18,1,13,44,8,9,56,133,0.209,0.324,0.385,0.709,87,129,5,1,0,0,1,
Derek Norris\norride01,27,SDP,NL,125,458,415,50,77,17,0,14,42,9,2,36,139,0.186,0.255,0.328,0.583,58,136,9,4,0,3,5,
Eduardo Nunez\nunezed02,29,TOT,MLB,141,595,553,73,159,24,4,16,67,40,10,29,88,0.288,0.325,0.432,0.758,103,239,8,5,2,6,3,
Eduardo Nunez\nunezed02,29,MIN,AL,91,396,371,49,110,15,1,12,47,27,6,15,58,0.296,0.325,0.439,0.764,105,163,6,3,2,5,0,
Rougned Odor*\odorro01,22,TEX,AL,150,632,605,89,164,33,4,33,88,14,7,19,135,0.271,0.296,0.502,0.798,105,304,6,4,0,4,0,
Paulo Orlando\orlanpa01,30,KCR,AL,128,484,457,52,138,24,4,5,43,14,3,13,105,0.302,0.329,0.405,0.734,96,185,12,7,3,3,1,
David Ortiz*\ortizda01,40,BOS,AL,151,626,537,79,169,48,1,38,127,2,0,80,86,0.315,0.401,0.62,1.021,164,333,22,2,0,7,15,
Chris Owings\owingch01,24,ARI,NL,119,466,437,52,121,24,11,5,49,21,2,20,87,0.277,0.315,0.416,0.731,88,182,8,5,2,2,4,
Marcell Ozuna\ozunama01,25,MIA,NL,148,608,557,75,148,23,6,23,76,0,3,43,115,0.266,0.321,0.452,0.773,110,252,11,4,0,4,2,
Angel Pagan#\paganan01,34,SFG,NL,129,543,495,71,137,24,5,12,55,15,4,42,66,0.277,0.331,0.418,0.75,102,207,11,0,0,3,1,
Joe Panik*\panikjo01,25,SFG,NL,127,526,464,67,111,21,7,10,62,5,0,50,47,0.239,0.315,0.379,0.695,88,176,14,4,3,5,5,
Gerardo Parra*\parrage01,29,COL,NL,102,381,368,45,93,27,3,7,39,6,4,9,73,0.253,0.271,0.399,0.671,65,147,16,1,1,2,1,
Joc Pederson*\pederjo01,24,LAD,NL,137,476,406,64,100,26,0,25,68,6,2,63,130,0.246,0.352,0.495,0.847,126,201,5,4,1,2,4,
Dustin Pedroia\pedrodu01,32,BOS,AL,154,698,633,105,201,36,1,15,74,7,4,61,73,0.318,0.376,0.449,0.825,117,284,24,0,1,3,0,
Hunter Pence\pencehu01,33,SFG,NL,106,442,395,58,114,23,1,13,57,1,1,43,95,0.289,0.357,0.451,0.808,118,178,10,1,0,3,1,
Hernan Perez\perezhe01,25,MIL,NL,123,430,404,50,110,18,3,13,56,34,7,18,94,0.272,0.302,0.428,0.73,91,173,6,1,3,4,0,
Salvador Perez\perezsa02,26,KCR,AL,139,546,514,57,127,28,2,22,64,0,0,22,119,0.247,0.288,0.438,0.725,91,225,12,8,0,2,3,
Jace Peterson*\peterja01,26,ATL,NL,115,408,350,45,89,16,1,7,29,5,5,52,69,0.254,0.35,0.366,0.715,94,128,9,1,2,3,2,
Brandon Phillips\phillbr01,35,CIN,NL,141,584,550,74,160,34,1,11,64,14,8,18,68,0.291,0.32,0.416,0.736,94,229,17,8,2,6,3,
Kevin Pillar\pillake01,27,TOR,AL,146,584,548,59,146,35,2,7,53,14,6,24,90,0.266,0.303,0.376,0.679,81,206,12,6,3,3,0,
Stephen Piscotty\piscost01,25,STL,NL,153,649,582,86,159,35,3,22,85,7,5,51,133,0.273,0.343,0.457,0.8,113,266,14,12,1,2,0,
Trevor Plouffe\plouftr01,30,MIN,AL,84,344,319,35,83,13,1,12,47,1,0,19,60,0.26,0.303,0.42,0.723,93,134,11,2,1,3,0,
Gregory Polanco*\polangr01,24,PIT,NL,144,587,527,79,136,34,4,22,86,17,6,53,119,0.258,0.323,0.463,0.786,107,244,13,0,1,6,6,
Buster Posey\poseybu01,29,SFG,NL,146,614,539,82,155,33,2,14,80,6,1,64,68,0.288,0.362,0.434,0.796,115,234,18,3,0,8,7,
Martin Prado\pradoma01,32,MIA,NL,153,658,600,70,183,37,3,8,75,2,2,49,69,0.305,0.359,0.417,0.775,113,250,24,4,0,5,4,
Yasiel Puig\puigya01,25,LAD,NL,104,368,334,45,88,14,2,11,45,5,2,24,74,0.263,0.323,0.416,0.74,98,139,10,7,0,3,0,
Albert Pujols\pujolal01,36,LAA,AL,152,650,593,71,159,19,0,31,119,4,0,49,75,0.268,0.323,0.457,0.78,113,271,24,2,0,6,6,
Alexei Ramirez\ramiral03,34,TOT,MLB,145,506,478,38,115,22,2,6,48,8,9,21,63,0.241,0.277,0.333,0.61,66,159,8,4,1,2,3,
Alexei Ramirez\ramiral03,34,SDP,NL,128,444,421,33,101,19,2,5,41,6,9,17,56,0.24,0.275,0.33,0.605,64,139,7,4,0,2,3,
Hanley Ramirez\ramirha01,32,BOS,AL,147,620,549,81,157,28,1,30,111,9,3,60,120,0.286,0.361,0.505,0.866,126,277,17,7,0,4,5,
Jose Ramirez#\ramirjo01,23,CLE,AL,152,618,565,84,176,46,3,11,76,22,7,44,62,0.312,0.363,0.462,0.825,114,261,10,4,1,4,1,
Wilson Ramos\ramoswi01,28,WSN,NL,131,523,482,58,148,25,0,22,80,0,0,35,79,0.307,0.354,0.496,0.85,121,239,17,2,0,4,2,
Colby Rasmus*\rasmuco01,29,HOU,AL,107,417,369,38,76,10,0,15,54,4,1,43,121,0.206,0.286,0.355,0.641,77,131,5,0,1,4,0,
J.T. Realmuto\realmjt01,25,MIA,NL,137,545,509,60,154,31,0,11,48,12,4,28,100,0.303,0.343,0.428,0.771,111,218,12,5,0,3,1,
Josh Reddick*\reddijo01,29,TOT,MLB,115,439,398,53,112,17,1,10,37,8,3,39,56,0.281,0.345,0.405,0.749,105,161,8,0,0,1,5,
Anthony Rendon\rendoan01,26,WSN,NL,156,647,567,91,153,38,2,20,85,12,6,65,117,0.27,0.348,0.45,0.797,108,255,5,7,0,8,2,
Ben Revere*\reverbe01,28,WSN,NL,103,375,350,44,76,9,7,2,24,14,5,18,34,0.217,0.26,0.3,0.56,47,105,12,3,2,2,0,
Mark Reynolds\reynoma01,32,COL,NL,118,441,393,61,111,24,0,14,53,1,2,42,112,0.282,0.356,0.45,0.806,101,177,6,4,0,2,1,
Anthony Rizzo*\rizzoan01,26,CHC,NL,155,676,583,94,170,43,4,32,109,3,5,74,108,0.292,0.385,0.544,0.928,143,317,13,16,0,3,8,
Sean Rodriguez\rodrise01,31,PIT,NL,140,342,300,49,81,16,1,18,56,2,1,33,102,0.27,0.349,0.51,0.859,127,153,6,5,1,3,2,
Eddie Rosario*\rosared01,24,MIN,AL,92,354,335,52,90,17,2,10,32,5,2,12,91,0.269,0.295,0.421,0.716,91,141,4,2,2,3,2,
Cameron Rupp\ruppca01,27,PHI,NL,105,419,389,36,98,26,1,16,54,1,0,24,114,0.252,0.303,0.447,0.75,98,174,11,5,0,1,0,
Addison Russell\russead02,22,CHC,NL,151,598,525,67,125,25,3,21,95,5,1,55,135,0.238,0.321,0.417,0.738,94,219,11,12,0,6,6,
Miguel Sano\sanomi01,23,MIN,AL,116,495,437,57,103,22,1,25,66,1,0,54,178,0.236,0.319,0.462,0.781,108,202,8,1,0,3,1,
Carlos Santana#\santaca01,30,CLE,AL,158,688,582,89,151,31,3,34,87,5,2,99,99,0.259,0.366,0.498,0.865,123,290,18,2,0,5,0,
Michael Saunders*\saundmi01,29,TOR,AL,140,558,490,70,124,32,3,24,57,1,2,59,157,0.253,0.338,0.478,0.815,116,234,14,5,1,3,2,
Jonathan Schoop\schoojo01,24,BAL,AL,162,647,615,82,164,38,1,25,82,1,2,21,137,0.267,0.298,0.454,0.752,98,279,16,8,0,3,0,
Corey Seager*\seageco01,22,LAD,NL,157,687,627,105,193,40,5,26,72,3,3,54,133,0.308,0.365,0.512,0.877,134,321,12,4,0,2,5,
Kyle Seager*\seageky01,28,SEA,AL,158,676,597,89,166,36,3,30,99,3,1,69,108,0.278,0.359,0.499,0.859,133,298,18,8,0,2,10,
Jean Segura\segurje01,26,ARI,NL,153,694,637,102,203,41,7,20,64,33,10,39,101,0.319,0.368,0.499,0.867,122,318,6,12,4,2,1,
Marcus Semien\semiema01,25,OAK,AL,159,621,568,72,135,27,2,27,75,10,2,51,139,0.238,0.3,0.435,0.735,99,247,12,0,1,1,1,
Travis Shaw*\shawtr01,26,BOS,AL,145,530,480,63,116,34,2,16,71,5,1,43,133,0.242,0.306,0.421,0.726,90,202,10,3,0,4,4,
Andrelton Simmons\simmoan01,26,LAA,AL,124,483,448,48,126,22,2,4,44,10,1,28,38,0.281,0.324,0.366,0.69,91,164,16,2,1,4,0,
Seth Smith*\smithse01,33,SEA,AL,137,438,378,62,94,15,0,16,63,0,0,48,89,0.249,0.342,0.415,0.758,108,157,11,8,0,4,1,
Yangervis Solarte#\solarya01,28,SDP,NL,109,443,405,55,116,26,1,15,71,1,1,30,63,0.286,0.341,0.467,0.808,118,189,7,5,0,3,1,
Steven Souza\souzast01,27,TBR,AL,120,468,430,58,106,17,1,17,49,7,6,31,159,0.247,0.303,0.409,0.713,95,176,5,5,0,2,0,
Denard Span*\spande01,32,SFG,NL,143,637,572,70,152,23,5,11,53,12,7,53,79,0.266,0.331,0.381,0.712,93,218,8,4,6,2,2,
George Springer\springe01,26,HOU,AL,162,744,644,116,168,29,5,29,82,9,10,88,178,0.261,0.359,0.457,0.815,125,294,12,11,0,1,2,
Giancarlo Stanton\stantmi03,26,MIA,NL,119,470,413,56,99,20,1,27,74,0,0,50,140,0.24,0.326,0.489,0.815,120,202,6,4,0,2,5,
Trevor Story\storytr01,23,COL,NL,97,415,372,67,101,21,4,27,72,8,5,35,130,0.272,0.341,0.567,0.909,122,211,5,5,2,1,2,
Eugenio Suarez\suareeu01,24,CIN,NL,159,627,565,78,140,25,2,21,70,11,5,51,155,0.248,0.317,0.411,0.728,92,232,10,8,0,3,0,
Ichiro Suzuki*\suzukic01,42,MIA,NL,143,365,327,48,95,15,5,1,22,10,2,30,42,0.291,0.354,0.376,0.73,102,123,4,3,3,2,1,
Kurt Suzuki\suzukku01,32,MIN,AL,106,373,345,34,89,24,1,8,49,0,0,18,48,0.258,0.301,0.403,0.704,89,139,9,5,1,4,0,
Mark Teixeira#\teixema01,36,NYY,AL,116,438,387,43,79,16,0,15,44,2,0,47,105,0.204,0.292,0.362,0.654,74,140,7,2,0,2,1,
Yasmany Tomas\tomasya01,25,ARI,NL,140,563,530,72,144,30,1,31,83,2,4,31,136,0.272,0.313,0.508,0.82,108,269,18,1,0,1,4,
Devon Travis\travide01,25,TOR,AL,101,432,410,54,123,28,1,11,50,4,1,20,87,0.3,0.332,0.454,0.785,108,186,6,0,1,1,0,
Mike Trout\troutmi01,24,LAA,AL,159,681,549,123,173,32,5,29,100,30,7,116,137,0.315,0.441,0.55,0.991,173,302,5,11,0,5,12,
Mark Trumbo\trumbma01,30,BAL,AL,159,667,613,94,157,27,1,47,108,2,0,51,170,0.256,0.316,0.533,0.85,122,327,14,3,0,0,1,
Troy Tulowitzki\tulowtr01,31,TOR,AL,131,544,492,54,125,21,0,24,79,1,0,43,101,0.254,0.318,0.443,0.761,102,218,14,5,0,4,1,
Justin Turner\turneju01,31,LAD,NL,151,622,556,79,153,34,3,27,90,4,1,48,107,0.275,0.339,0.493,0.832,121,274,16,10,0,8,1,
Trea Turner\turnetr01,23,WSN,NL,73,324,307,53,105,14,8,13,40,33,6,14,59,0.342,0.37,0.567,0.937,142,174,1,1,0,2,0,
Justin Upton\uptonju01,28,DET,AL,153,626,570,81,140,28,2,31,87,9,4,50,179,0.246,0.31,0.465,0.775,106,265,15,4,0,2,3,
Melvin Upton\uptonbj01,31,TOT,MLB,149,539,492,64,117,15,3,20,61,27,8,37,155,0.238,0.291,0.402,0.693,86,198,6,2,1,6,1,
Melvin Upton\uptonbj01,31,SDP,NL,92,374,344,46,88,11,2,16,45,20,5,23,106,0.256,0.304,0.439,0.743,99,151,5,2,1,3,1,
Chase Utley*\utleych01,37,LAD,NL,138,565,512,79,129,26,3,14,52,2,2,40,115,0.252,0.319,0.396,0.716,92,203,0,11,1,1,1,
Danny Valencia\valenda01,31,OAK,AL,130,517,471,72,135,22,1,17,51,1,1,41,115,0.287,0.346,0.446,0.792,116,210,11,3,0,2,1,
Jonathan Villar#\villajo01,25,MIL,NL,156,679,589,92,168,38,3,19,63,62,18,79,174,0.285,0.369,0.457,0.826,117,269,7,2,5,4,4,
Stephen Vogt*\vogtst01,31,OAK,AL,137,532,490,54,123,30,2,14,56,0,0,35,83,0.251,0.305,0.406,0.711,94,199,6,4,0,3,3,
Joey Votto*\vottojo01,32,CIN,NL,158,677,556,101,181,34,2,29,97,8,1,108,120,0.326,0.434,0.55,0.985,160,306,16,5,0,8,15,
Neil Walker#\walkene01,30,NYM,NL,113,458,412,57,116,9,1,23,55,3,1,42,84,0.282,0.347,0.476,0.823,121,196,11,1,0,3,3,
Jayson Werth\werthja01,37,WSN,NL,143,606,525,84,128,28,0,21,69,5,1,71,139,0.244,0.335,0.417,0.752,97,219,17,4,0,6,0,
Matt Wieters#\wietema01,30,BAL,AL,124,464,423,48,103,17,1,17,66,1,0,32,85,0.243,0.302,0.409,0.711,89,173,10,5,1,3,1,
Kolten Wong*\wongko01,25,STL,NL,121,361,313,39,75,7,7,5,23,7,0,34,52,0.24,0.327,0.355,0.682,84,111,3,9,0,5,2,
Christian Yelich*\yelicch01,24,MIA,NL,155,659,578,78,172,38,3,21,98,9,4,72,138,0.298,0.376,0.483,0.859,135,279,20,4,0,5,4,
Ryan Zimmerman\zimmery01,31,WSN,NL,115,467,427,60,93,18,1,15,46,4,1,29,104,0.218,0.272,0.37,0.642,67,158,12,5,0,6,1,
Ben Zobrist#\zobribe01,35,CHC,NL,147,631,523,94,142,31,3,18,76,6,4,96,82,0.272,0.386,0.446,0.831,121,233,17,4,4,4,6,
LgAvg per 600 PA,NA,,,201,600,539,70,137,27,3,18,67,8,3,49,127,0.255,0.32,0.415,0.735,NA,224,12,5,3,4,3,
